"Qty";"Value";"Device";"Package";"Parts";"Description";"ARROW_PART_NUMBER";"ARROW_PRICE-STOCK";"DESCRIPTION";"HEIGHT";"MANUFACTURER_NAME";"MANUFACTURER_PART_NUMBER";"MOUSER_PART_NUMBER";"MOUSER_PRICE-STOCK";"PARTNO";"POPULARITY";"SPICEPREFIX";
"1";"";"NUCLEO-L452RE";"NUCLEO-64";"M1";"No existe un outline (Layer Dimension) para esta librería. En su lugar se utilizó una referencia en tDocu.";"";"";"";"";"";"";"";"";"";"";"";
"1";"009276006021106";"009276006021106";"009276006021106";"J1";"AVX INTERCONNECT - 009276006021106 - CONNECTOR, IDC, 6 WAY, 18 AWG";"009276006021106";"https://www.arrow.com/en/products/009276006021106/avx?region=nac";"AVX INTERCONNECT - 009276006021106 - CONNECTOR, IDC, 6 WAY, 18 AWG";"5mm";"AVX";"009276006021106";"581-009276006021106";"https://www.mouser.co.uk/ProductDetail/AVX/009276006021106?qs=QtI0yD1FyOMc2fy6i4jFlw%3D%3D";"";"";"";
"1";"12";"R-US_R0805";"R0805";"R9";"RESISTOR, American symbol";"";"";"";"";"";"";"";"";"RT0603DRE0712RL";"85";"R";
"1";"150060GS75000";"150060GS75000";"LEDC1608X80N";"LED1";"Wurth Elektronik WL-SMCW 520 nm Green LED, 1608 (0603) Clear SMD package";"";"";"Wurth Elektronik WL-SMCW 520 nm Green LED, 1608 (0603) Clear SMD package";"0.8mm";"Wurth Elektronik";"150060GS75000";"710-150060GS75000";"https://www.mouser.co.uk/ProductDetail/Wurth-Elektronik/150060GS75000?qs=LlUlMxKIyB0UYkq5lDO8nA%3D%3D";"";"";"";
"1";"1k";"R-US_R0805";"R0805";"R5";"RESISTOR, American symbol";"";"";"";"";"";"";"";"";"TNPW04021K15BYEP ";"85";"R";
"3";"1k";"R-US_R0805";"R0805";"R1, R3, R7";"RESISTOR, American symbol";"";"";"";"";"";"";"";"";"TNPW04021K15BYEP";"85";"R";
"2";"1uF";"C-USC0805";"C0805";"C1, C3";"CAPACITOR, American symbol";"";"";"";"";"";"";"";"";"C1206C105K3RAC7215 ";"63";"C";
"1";"220nF";"C-USC0805";"C0805";"C2";"CAPACITOR, American symbol";"";"";"";"";"";"";"";"";"885382207008";"63";"C";
"4";"2k2";"R-US_R0805";"R0805";"R2, R4, R6, R8";"RESISTOR, American symbol";"";"";"";"";"";"";"";"";"RP0603BRD072K2L";"85";"R";
"1";"AD8574TRUZ-EP";"AD8574TRUZ-EP";"SOP65P640X120-14N";"IC1";"Amplificateurs oprationnels - Amplis-Op QUAD PRECISION RAIL RAIL CHOPPER OP AMP";"AD8574TRUZ-EP";"https://www.arrow.com/en/products/ad8574truz-ep/analog-devices?region=nac";"Amplificateurs oprationnels - Amplis-Op QUAD PRECISION RAIL RAIL CHOPPER OP AMP";"1.2mm";"Analog Devices";"AD8574TRUZ-EP";"584-AD8574TRUZ-EP";"https://www.mouser.co.uk/ProductDetail/Analog-Devices/AD8574TRUZ-EP?qs=wUXugUrL1qxNfkZ2pBeSrA%3D%3D";"";"";"";
"1";"ADS131M03IPWR";"ADS131M03IPWR";"SOP65P640X120-20N";"IC2";"Analog to Digital Converters - ADC 24-bit, 32-kSPS, 3-channel, simultaneous-sampling, delta-sigma ADC";"";"";"Analog to Digital Converters - ADC 24-bit, 32-kSPS, 3-channel, simultaneous-sampling, delta-sigma ADC";"1.2mm";"Texas Instruments";"ADS131M03IPWR";"595-ADS131M03IPWR";"https://www.mouser.co.uk/ProductDetail/Texas-Instruments/ADS131M03IPWR?qs=Jslch3jnSjnSosXolUzTvg%3D%3D";"";"";"";
